Product Title,Product Price,Product Rating,Number of Reviews,Product Description,ASIN,Product Manufacturer
OIVO INDIA Stylish Nylon Grey Hard Carrying Storage Case for PS5 (Playstation 5 Bag) [Video Game],"2,599.",5.0 out of 5 stars,3 ratings,,"['B0C2Q8TRZN', 'B0C2Q8TRZN', 'B09F1WGGZD', 'B0C3QNBH26', 'B0C7W1R6ZH', 'B0B69SG993', 'B09B89GCWW', 'B09BB78NW5', 'B09B7TL9W7', 'B09JWTM62V', 'B0C2VWGMYC', 'B07NVM4M5S', 'B0C2Q8TRZN', 'B09L8C3GXK', 'B0C2J54NN3', 'B0C2J6DRXG', 'B082VX16VJ', 'B082PKX18C', 'B0C3QL325N', 'B0B69SG993', 'B07YQFJ2DR', 'B0C8DMKHBT', 'B09D8VYLY7', 'B0C2Q8TRZN']",Brand: OIVO INDIA
Sony PS5 PlayStation Console,"54,990.",4.5 out of 5 stars,969 ratings,The PS5™ console unleashes new gaming possibilities that you never anticipated.,"['B0BRCP72X8', 'B0BRCP72X8', 'B08R8PFVHD', 'B08R8RTZ1D', 'B089K72JNW', 'B0BRCP72X8', 'B089K72JNW', 'B08R8PFVHD', 'B08R8RTZ1D', 'B0BRCP72X8']",Visit the Sony Store
Sony PS5 PlayStation Console+God Of War Ragnarok | Standard Edition | PS5 Game (PlayStation 5),"58,925.",4.5 out of 5 stars,969 ratings,,"['B0BXRSNB6Z', 'B0BXRSNB6Z', 'B08R8PFVHD', 'B0BRNJFFSB', 'B089K72JNW', 'B0BXRSNB6Z', 'B0BRNJFFSB', 'B08R8PFVHD', 'B089K72JNW', 'B0BXRSNB6Z']",Visit the Sony Store
Sony PS5 Digital Standalone,"44,990.",4.7 out of 5 stars,351 ratings,The PS5™ console unleashes new gaming possibilities that you never anticipated.,"['B0BSNHFVL4', 'B0BSNHFVL4', 'B08R8PFVHD', 'B08R8RTZ1D', 'B089K72JNW', 'B0BSNHFVL4', 'B089K72JNW', 'B08R8PFVHD', 'B08R8RTZ1D', 'B0BSNHFVL4']",Visit the Sony Store
Sony Gran Turismo 7 | Standard Edition | PS5 Game (PlayStation 5),"3,016.",4.4 out of 5 stars,277 ratings,"Gran Turismo 7 brings together the very best features of the Real Driving Simulator, With the reintroduction of the legendary GT Simulation Mode, buy, tune, race and sell your way through a rewarding solo campaign as you unlock new cars and challenges.","['B09GVLRJVS', 'B09GVLRJVS', 'B09842WZYF', 'B0B69SG993', 'B07NVM4M5S', 'B0C2Q8TRZN', 'B09JWTM62V', 'B09HSGSKZS', 'B098MVB3VL', 'B07GFS62W8', 'B09C69FKDC', 'B0C3QKYJJ5', 'B09GVLRJVS', 'B0C2J54NN3', 'B0C2J6DRXG', 'B07GFS62W8', 'B0C2Q8TRZN', 'B0C8DMKHBT', 'B0B69SG993', 'B072L7BM6F', 'B08SVS99Q5', 'B0C8JZ7WJ6', 'B09842WZYF', 'B09GVLRJVS']",Visit the Sony Store
2K GAMES Ps5 Wwe 2K22,"1,699.",4.3 out of 5 stars,114 ratings,"KEY FEATURES: REDESIGNED GAMEPLAY ENGINE. NEW CONTROLS. ALL THE FEATURES YOU CAN HANDLE. Get ripped out of the stands and hit with complete control of the WWE Universe. THE GAME THAT MAY HIT TOO REAL Hitting this hard has never been so easy. Throw down with the biggest and most realistic-looking WWE Superstars and Legends like The Rock, Sasha Banks, Goldberg, Brock Lesnar, and more. 619 YOUR WAY TO SUPERSTARDOM Celebrate pivotal moments in Rey Mysterio’s career in 2K Showcase. Booyaka! INTRODUCING MyGM Call the shots as a WWE General Manager - Take the reins of Raw, SmackDown, NXT or NXT UK and draft your ultimate roster to compete against rival GM’s. RISE UP THE RANKS THROUGH WWE Take on not one, but two MyRISE adventures, featuring unique male and female storylines that let you choose your journey like never before. BUILD FOR YOURSELF, SHARE WITH THE WORLD The Creation Suite is back and better than ever. Be yourself or someone else. Then step in the ring anytime, anywhere in the world. ASSEMBLE YOUR OWN FACTION In a franchise-first, the all-new MyFACTION lets you build a faction that rivals the nWo. Collect, manage and upgrade WWE Superstars, with weekly events and regular updates! EXECUTIVE SOUNDTRACK PRODUCER Machine Gun Kelly","['B09R1S93QT', 'B09R1S93QT', 'B098XJF39V', 'B0C2Q8TRZN', 'B0C2VWGMYC', 'B07X8G7ZG5', 'B0C3QKYJJ5', 'B09842WZYF', 'B08SVS99Q5', 'B0BD4FV81P', 'B0C3QNBH26', 'B07MQ6JBZM', 'B09R1S93QT', 'B07MQ6JBZM', 'B0C8JZ7WJ6', 'B07VS3D5DP', 'B09842WZYF', 'B0C8DMKHBT', 'B0C2J54NN3', 'B0C2Q8TRZN', 'B082VX16VJ', 'B0C2J6DRXG', 'B0B69SG993', 'B09R1S93QT']",Brand: 2K Games
Big Ant Studios Cricket 22 | International Edition | PS5 (PlayStation 5),"2,017.",4.1 out of 5 stars,188 ratings,"Cricket 22 delivers the Ashes, the Big Bash, The Hundred, and other fan-favourite competitions in the biggest, boldest and best cricket game to date! Enjoy all-new mechanics, commentary, and a captivating career mode as you take to the international field of battle with fully-licensed teams from Australia, England, The West Indies, New Zealand and Ireland. Also enjoy full equal representation with both the Men’s and Women’s games replicated across the full Cricket 22 experience","['B09HXT9BBF', 'B09HXT9BBF', 'B09HXT9BBF', 'B07W5WZ7Q5', 'B09C69FKDC', 'B0BZDMY9RS', 'B0BZDMG84C', 'B0BSGRB7QB', 'B082VX16VJ', 'B0BD4D5PLL', 'B0C2Q8TRZN', 'B07NVM4M5S', 'B0C3QKYXRZ', 'B09HXT9BBF', 'B07W5WZ7Q5', 'B0C2Q8TRZN', 'B0C2J54NN3', 'B0C2J6DRXG', 'B082VX16VJ', 'B072L7BM6F', 'B07YQFJ2DR', 'B07VS3D5DP', 'B08SVS99Q5', 'B07MQ6JBZM', 'B09HXT9BBF']",Brand: Big Ant Studios
PS5 Spiderman 2 Standard Edn.,"4,999.",Previous page,,"Swing, jump and utilise the new Web Wings to travel across Marvel’s New York, quickly switching between Peter Parker and Miles Morales to experience different stories and epic new powers, as the iconic villain Venom threatens to destroy their lives, their city and the ones they love.","['B0C2Q8TRZN', 'B07WZDM6NT', 'B0C3QKYXRZ', 'B0C3QLX6ZH', 'B0BSGRB7QB', 'B0BSGRGN6J', 'B09JWTM62V', 'B07NVM4M5S', 'B09Q396Z7T', 'B07X8G7ZG5', 'B082VX16VJ', 'B0C2J54NN3', 'B0C2J6DRXG', 'B072L7BM6F', 'B09NM9DTTC', 'B0BSGZCRK7', 'B0B69SG993', 'B0BXCRWT3S', 'B01CR05F5K', 'B07GFS62W8']",Visit the Sony Store
Sony God Of War Ragnarok | Standard Edition | PS5 Game (PlayStation 5),"3,937.",4.7 out of 5 stars,"3,155 ratings",From Santa Monica Studio comes the sequel to the critically acclaimed God of War (2018). Kratos and Atreus must journey to each of the Nine Realms in search of answers as they prepare for the prophesied battle that will end the world.,"['B0B6FGSKCQ', 'B0B6FGSKCQ', 'B085LZSG6F', 'B07DNN638W', 'B0B69SG993', 'B09JWTM62V', 'B09ZQS9P5T', 'B0C9RXCJ17', 'B0BSGRGN6J', 'B0C2Q8TRZN', 'B0C2VWGMYC', 'B09TKYNVQN', 'B0B6FGSKCQ', 'B085LZSG6F', 'B0C2J54NN3', 'B0C2J6DRXG', 'B07GFS62W8', 'B0C3XL76RS', 'B0C8DMKHBT', 'B0B69SG993', 'B00316263Y', 'B09NM9DTTC', 'B01CR05F5K', 'B0B6FGSKCQ']",Brand: Sony
ROCKSTAR GAMES PS5 Grand Theft Auto V,"1,799.",4.3 out of 5 stars,366 ratings,"Includes Grand Theft Auto V: Story Mode and Grand Theft Auto Online. Continue your journey on PS5™ and transfer both GTA V Story Mode progress and GTA Online characters and progression to PS5™ with a one-time migration. Experience entertainment blockbusters, Grand Theft Auto V and GTA Online — now for PlayStation®5. When a young street hustler, a retired bank robber, and a terrifying psychopath find themselves entangled with some of the most frightening and deranged elements of the criminal underworld, the U.S. government, and the entertainment industry, they must pull off a series of dangerous heists to survive in a ruthless city in which they can trust nobody — least of all each other. Experience GTA Online, a dynamic and ever-evolving online universe for up to 30 players, where you can rise from street-level hustler to become a kingpin of your own criminal empire. PlayStation®5 players can enjoy new high-performance vehicle upgrades and improvements like the Career Builder as well as all GTA Online gameplay upgrades, expansions, and access to all current and previous content updates, ready to enjoy solo or with friends. Pull off daring co-operative Heists, enter adrenaline-fueled Stunt Races, compete in unique Adversary Modes, or hang out in social spaces including nightclubs, arcades, penthouse parties, car meetups, and much more. Explore Los Santos and Blaine County in greater detail than ever before, now featuring: • STUNNING VISUALS — Enhanced levels of fidelity and performance with new graphics modes featuring up to 4K resolution, up to 60 frames per second, HDR options, ray tracing, improved texture quality, and more • FASTER LOADING — Quicker access to the action as the world of Los Santos and Blaine County load in faster than ever before • ADAPTIVE TRIGGERS AND HAPTIC FEEDBACK — Feel every moment through the DualSense™ controller, from directional damage to weather effects, rough road surfaces to explosions, and more • TEMPEST 3D AUDIO — Hear the sounds of the world with pinpoint precision: the throttle of a stolen supercar, the rattle of neighboring gunfire, the roar of a helicopter overhead, and more Plus, all-new enhancements to the ever-evolving world of GTA Online, including: • EXCLUSIVE NEW CONTENT — Step into Hao’s Special Works at the Los Santos Car Meet, featuring elite new vehicle upgrades and exclusive modifications. Then take these high-performance vehicles into HSW races, new time trials, and more. • THE CAREER BUILDER — Get started in GTA Online with the tools of the trade. Quickly choose from one of four illicit businesses — Biker, Executive, Nightclub Owner, or Gunrunner — and select from properties, powerhouse vehicles, and weaponry to kick-start your enterprise. • NEW MENU DESIGN — Immediately access everything GTA Online has to offer right from the Main Menu, including the latest and most popular updates • ACCESS TO ALL CURRENT AND PREVIOUS UPDATES — Dive into more than 40 massive updates with more to come, featuring everything from the high-stakes hunt for Dr. Dre’s missing music files with Franklin Clinton in The Contract to the high-octane underground street racing action of Los Santos Tuners; Heists on the lush tropical island of Cayo Perico to the nightlife circuit of After Hours and The Diamond Casino & Resort; all available alongside a wide range of races, modes, activities, and social spaces to enjoy solo or with friends — including golf courses, nightclubs, arcades, poolside lounges, and much more","['B09XJ8FGVP', 'B09XJ8FGVP', 'B073QW8QBG', 'B0C7W1R6ZH', 'B07X8G7ZG5', 'B0C2VWGMYC', 'B0C2Q8TRZN', 'B00SAYCVTQ', 'B0BSGRB7QB', 'B09HSGSKZS', 'B08VJDFGFD', 'B09C69FKDC', 'B09XJ8FGVP', 'B073QW8QBG', 'B0C2J54NN3', 'B09842WZYF', 'B0C8DMKHBT', 'B0B69SG993', 'B0C2J6DRXG', 'B0C8JZ7WJ6', 'B09NM9DTTC', 'B08PYQ22WP', 'B01CR05F5K', 'B09XJ8FGVP']",Brand: ROCKSTAR GAMES
Square Enix PS5 Marvel's Guardians of the Galaxy,"1,399.",4.0 out of 5 stars,61 ratings,"Fire up a wild ride across the cosmos with a fresh take on Marvel’s Guardians of the Galaxy. In this third-person action-adventure game, you are Star-Lord, and thanks to your bold yet questionable leadership, you have persuaded an oddball crew of unlikely heroes to join you. Some jerk (surely not you) has set off a chain of catastrophic events, and only you can hold the unpredictable Guardians together long enough to fight off total interplanetary meltdown. Use Element Blasters, tag-team beat downs, jet boot-powered dropkicks, nothing’s off-limits. If you think it’s all going to plan, you’re in for a world of surprises, with the consequences of your actions to keep the Guardians on their toes. In this Marvel’s Guardians of the Galaxy story, you’ll cross paths with powerful new beings and unique takes on iconic characters, all caught in a struggle for the galaxy’s fate. It’s time to show the universe what you’re made of. You got this. Probably.","['B097JBHRNL', 'B097JBHRNL', 'B09HSGSKZS', 'B0C7W1R6ZH', 'B09JWTM62V', 'B0C3QKYXRZ', 'B0BD4D5PLL', 'B0BD4FV81P', 'B0C8DMKHBT', 'B0C2Q8TRZN', 'B09842WZYF', 'B0C8JZ7WJ6', 'B097JBHRNL', 'B07W5WZ7Q5', 'B0C2Q8TRZN', 'B0C2J54NN3', 'B0C3QL325N', 'B0C2J6DRXG', 'B08ZJK9NVR', 'B09D8VYLY7', 'B07YQFJ2DR', 'B07MQ6JBZM', 'B09842WZYF', 'B097JBHRNL']",Brand: SQUARE ENIX
Sony PS5 CoD MWII,"56,290.",4.6 out of 5 stars,6 ratings,The PS5™ console unleashes new gaming possibilities that you never anticipated.,"['B0C7CJFSZR', 'B0C7CJFSZR', 'B089K72JNW', 'B08R8PFVHD', 'B08R8RTZ1D', 'B0C7CJFSZR', 'B08R8PFVHD', 'B08R8RTZ1D', 'B089K72JNW']",Visit the Sony Store
Uncharted: Legacy of Thieves Collection | PS5 Game (PlayStation 5),"1,499.",4.5 out of 5 stars,306 ratings,"Seek your legacy and leave your mark on the map in UNCHARTED™: Legacy of Thieves Collection. Experience Naughty Dog’s thrilling, cinematic storytelling and the iconic franchise’s largest blockbuster action set pieces","['B09N9MBVD1', 'B09N9MBVD1', 'B0C2VVP9QS', 'B0BDF19XWP', 'B0BDF18FTS', 'B09B89GCWW', 'B09HSGSKZS', 'B09842WZYF', 'B0C3QKYXRZ', 'B07X8G7ZG5', 'B07DNN638W', 'B085LZSG6F', 'B09N9MBVD1', 'B085LZSG6F', 'B0C2J54NN3', 'B082VX16VJ', 'B0B69SG993', 'B0C2J6DRXG', 'B07CR3QKQL', 'B09842WZYF', 'B0C8DMKHBT', 'B0C9RXCJ17', 'B0C8JZ7WJ6', 'B09N9MBVD1']",Visit the Sony Store
Electronic Arts FIFA 23 | Standard Edition | PS5 (PlayStation 5),"3,299.",4.5 out of 5 stars,169 ratings,"EA SPORTS FIFA 23 brings even more of the action and realism of football to the pitch in The World’s Game, with advances in HyperMotion2 Technology driven by twice as much real-world motion capture helping to create more true football animation than ever before in every match. Play the biggest tournaments in football with both the men’s and women’s FIFA World Cup coming to FIFA 23 during the season, play as women’s club teams – powered by dedicated HyperMotion2 animation – for the first time ever, plus enjoy cross-play features that make it easier to play against friends. EA SPORTS FIFA 23 brings The World’s Game to the pitch, with HyperMotion2 Technology that delivers even more gameplay realism, both the men’s and women’s FIFA World Cup, the addition of women’s club teams, cross-play features, and more. HyperMotion2 Technology - Advances to HyperMotion gameplay technology with twice as much match data capture unlock new features and brings over 6000 authentic animations taken from millions of frames of advanced match capture to FIFA 23. Experience the pinnacle of both men’s and women’s international football in FIFA 23 with the men’s FIFA World Cup Qatar 2022 and FIFA Women’s World Cup Australia and New Zealand 2023. Enjoy a more true-to-life football experience in FIFA 23 with new gameplay features that create risk-versus-reward shooting, new free kick, penalty, and corner mechanics, and more football variety. Feel the drama of matchday with new features that take the atmosphere and broadcast quality to new heights in FIFA 23. Play as women’s club teams for the first time in EA SPORTS FIFA history as the Barclays FA Women’s Super League and Division 1 Arkema come to FIFA 23 at launch. Plus, enjoy dedicated HyperMotion2 capture that powers the women’s game in FIFA 23 to make female players move authentically in FIFA 23.","['B0B79YX5TV', 'B0B79YX5TV', 'B0B69SG993', 'B09C69FKDC', 'B0C2Q8TRZN', 'B0BSGRB7QB', 'B0C2VVP9QS', 'B07NVM4M5S', 'B098MVB3VL', 'B0BDF19XWP', 'B0BDF18FTS', 'B073QW8QBG', 'B0B79YX5TV', 'B0C2J54NN3', 'B07YSY25R8', 'B0C2J6DRXG', 'B00EXW3PFI', 'B0B69SG993', 'B00316263Y', 'B07HG4GRYP', 'B0C2Q8TRZN', 'B07XCQDFQS', 'B073QW8QBG', 'B0B79YX5TV']",Brand: Electronic Arts
PS5 Assassin's Creed Valhalla,"1,726.",4.3 out of 5 stars,182 ratings,"In Assassin’s Creed Valhalla, you are Eivor, a fierce Viking warrior raised on tales of battle and glory. Explore a dynamic and beautiful open world set against the brutal backdrop of England’s Dark Ages. Raid your enemies, grow your settlement, and build your political power in your quest to earn your place among the gods in Valhalla.","['B08SL7CX65', 'B08SL7CX65', 'B08SL7CX65', 'B0C3QLX6ZH', 'B0BD4D5PLL', 'B0C2Q8TRZN', 'B0BD4FV81P', 'B0C3QNBH26', 'B09842WZYF', 'B098XJF39V', 'B09BB78NW5', 'B09HSGSKZS', 'B09C69FKDC', 'B08SL7CX65', 'B0C2J6DRXG', 'B0C2J54NN3', 'B0C2Q8TRZN', 'B085LZSG6F', 'B0B69SG993', 'B09842WZYF', 'B08ZJK9NVR', 'B07YQFJ2DR', 'B0BSGRGN6J', 'B0C8JZ7WJ6', 'B08SL7CX65']",Brand: Ubisoft
Hogwarts Legacy | Standard Edition| PlayStation 5 (PS5),"3,799.",4.6 out of 5 stars,121 ratings,"Hogwarts Legacy is an immersive, open-world action RPG set in the world first introduced in the Harry Potter books. Embark on a journey through familiar and new locations as you explore and discover fantastic beasts, customize your character and craft potions, master spell casting, upgrade talents, and become the wizard you want to be. Experience Hogwarts in the 1800s. Your character is a student who holds the key to an ancient secret that threatens to tear the wizarding world apart. Discover the feeling of living at Hogwarts as you make allies, battle Dark wizards, and ultimately decide the fate of the wizarding world. Your legacy is what you make of it. Live the Unwritten.","['B0BBV2KB8R', 'B0BBV2KB8R', 'B0C2Q8TRZN', 'B0B69SG993', 'B0C3QKYXRZ', 'B09842WZYF', 'B07NVM4M5S', 'B0C2VVP9QS', 'B0BSGRB7QB', 'B074DD4KF2', 'B098MVB3VL', 'B09JWTM62V', 'B0BBV2KB8R', 'B0C2J54NN3', 'B0B69SG993', 'B0C2J6DRXG', 'B0C2Q8TRZN', 'B0C8JZ7WJ6', 'B0C8DMKHBT', 'B082VX16VJ', 'B09842WZYF', 'B07YQFJ2DR', 'B08ZJK9NVR', 'B0BBV2KB8R']",Brand: WB Games
Sony PS5 Standard DualSense bundle,"58,990.",Previous page,,The PS5™ console unleashes new gaming possibilities that you never anticipated.,"['B0BSNFLLRK', 'B0C2Q8TRZN', 'B0C3QNBH26', 'B0C3QLX6ZH', 'B0BD4D5PLL', 'B0BD4FV81P', 'B09JWTM62V', 'B09W5ZNC3W', 'B09C69FKDC', 'B0C7W9HLWQ', 'B0BDF18FTS', 'B0C2J54NN3', 'B0C2J6DRXG', 'B0C2Q8TRZN', 'B09D8VYLY7', 'B08SVS99Q5', 'B09NM9DTTC', 'B0C3QNBH26', 'B07YQFJ2DR', 'B07XXP51N4', 'B0C3QLX6ZH']",Visit the Sony Store
Sony Marvel's Spider-Man: Miles Morales (PS5),"2,588.",4.5 out of 5 stars,692 ratings,"Experience the rise of Miles Morales as the new hero masters incredible, explosive new powers to become his own Spider-Man.","['B08RFC9DRQ', 'B08RFC9DRQ', 'B08RFC9DRQ', 'B0C8DMKHBT', 'B07CR3QKQL', 'B09842WZYF', 'B0C8JZ7WJ6', 'B082VX16VJ', 'B0C2J54NN3', 'B0B69SG993', 'B0C2J6DRXG', 'B0C2Q8TRZN', 'B09NM9DTTC', 'B08RFC9DRQ']",Brand: Sony
WB Games PS5 Mortal Kombat 11: Ultimate,"1,799.",4.4 out of 5 stars,164 ratings,"Take control of Earthrealm’s protectors in the game’s TWO critically acclaimed, time-bending Story Campaigns as they race to stop Kronika from rewinding time and rebooting history. Friendships are tested, and new alliances forged, in the battle to save all of existence.","['B08SL6JRX6', 'B08SL6JRX6', 'B07MQ6JBZM', 'B0C3QPBKSW', 'B09Q396Z7T', 'B09NM9DTTC', 'B09JWTM62V', 'B0C2Q8TRZN', 'B08SVS99Q5', 'B09842WZYF', 'B09HSGSKZS', 'B0BD4D5PLL', 'B08SL6JRX6', 'B07MQ6JBZM', 'B0B69SG993', 'B0C2J54NN3', 'B072L7BM6F', 'B0C2J6DRXG', 'B09842WZYF', 'B09NM9DTTC', 'B082VX16VJ', 'B0C8JZ7WJ6', 'B0C8DMKHBT', 'B08SL6JRX6']",Brand: WB Games
PS5 FIFA 22,"1,170.",4.2 out of 5 stars,268 ratings,"PRE-ORDER FIFA 22 Standard Edition and receive: Team of the Week 1 Player, Kylian Mbappé Loan Item, for 5 FUT matches, FUT Ambassador Loan Player Pick, for 3 FUT matches, Career Mode Homegrown Talent, local youth prospect with world-class potential Powered by Football™, EA SPORTS™ FIFA 22 on PlayStation 5 and Xbox Series X|S moves the game forward with groundbreaking next-gen HyperMotion gameplay technology that elevates every moment on the pitch. HyperMotion integrates advanced full-team mocap data and machine learning to heighten gameplay in every match in FIFA 22, harnessing the power of next generation consoles to deliver the most realistic, responsive and fluid gameplay experience we’ve ever built. FIFA 22 brings a new season of innovation across every mode in the game; enjoy more consistency between the posts with a goalkeeper rewrite that brings more composure to the most important position on the pitch, live out your football dreams as you create and manage your custom club to glory in Career Mode, get rewarded for your flair with restyled gameplay in VOLTA FOOTBALL, welcome back football’s most memorable players as FIFA Ultimate Team™ Heroes, and feel the atmosphere of your next big game with the most immersive matchday experience ever seen in EA SPORTS FIFA.","['B098TZ2NMY', 'B098TZ2NMY', 'B09842WZYF', 'B098XJF39V', 'B09JWTM62V', 'B0C3QLX6ZH', 'B0C2Q8TRZN', 'B0BD4D5PLL', 'B0C3QNBH26', 'B09C69FKDC', 'B0BD4FV81P', 'B09B89GCWW', 'B098TZ2NMY', 'B0C2J54NN3', 'B0C2J6DRXG', 'B0B69SG993', 'B082VX16VJ', 'B07YQFJ2DR', 'B0C8JZ7WJ6', 'B09842WZYF', 'B0BSGRGN6J', 'B0C2J4MNYQ', 'B0C2Q8TRZN', 'B098TZ2NMY']",Brand: Electronic Arts
Sony DualSense Wireless Controller for PlayStation 5 (White),"5,699.",4.4 out of 5 stars,"1,709 ratings","Discover a deeper, highly immersive gaming experience1 that brings the action to life in the palms of your hands.( Compatible Hardware - PlayStation5 console)","['B08GZ6QNTC', 'B08GZ6QNTC', 'B07GFS62W8', 'B0BXCMM828', 'B0BDF18FTS', 'B0BDF19XWP', 'B09W5ZNC3W', 'B0B69SG993', 'B074DD4KF2', 'B0C2VVP9QS', 'B0C7W9HLWQ', 'B09B89GCWW', 'B08GZ6QNTC', 'B0C2J54NN3', 'B00316263Y', 'B082VX16VJ', 'B0C2J6DRXG', 'B08PYQ22WP', 'B08SVS99Q5', 'B0BV374YK2', 'B0BV2Z733Q', 'B0BV352TS7', 'B07GFS62W8', 'B08GZ6QNTC']",Visit the Sony Store
UBI Soft Far Cry 6 | Standard Edition | Playstation 5 (PS5),"1,730.",4.2 out of 5 stars,149 ratings,"Welcome to Yara, a tropical paradise frozen in time. As the dictator of Yara, Anton Castillo is intent on restoring his nation back to its former glory by any means, with his son, Diego, following in his bloody footsteps. Their ruthless oppression has ignited a revolution.","['B0964827QB', 'B0964827QB', 'B0964827QB', 'B09842WZYF', 'B0B69SG993', 'B0C2Q8TRZN', 'B0C9RXCJ17', 'B09C69FKDC', 'B082VX16VJ', 'B07XCLT7YP', 'B0BZDMG84C', 'B0BZDMY9RS', 'B085LZSG6F', 'B0964827QB', 'B07FDQL2VR', 'B0C2Q8TRZN', 'B072L7BM6F', 'B0C2J54NN3', 'B0C2J6DRXG', 'B085LZSG6F', 'B0B69SG993', 'B082VX16VJ', 'B0C8JZ7WJ6', 'B09842WZYF', 'B0964827QB']",Brand: Ubisoft
DualSense Wireless Controller Black (PlayStation 5),"5,699.",4.6 out of 5 stars,"1,162 ratings","Discover a deeper, highly immersive gaming experience1 that brings the action to life in the palms of your hands.( Compatible Hardware - PlayStation5 console)","['B09842ZHNM', 'B09842ZHNM', 'B0B69SG993', 'B0BDF18FTS', 'B0BDF19XWP', 'B07NVM4M5S', 'B0C2VWGMYC', 'B074DD4KF2', 'B0CBN8C6FC', 'B09W5ZNC3W', 'B0C3QKYXRZ', 'B09JWTM62V', 'B09842ZHNM', 'B0C2J54NN3', 'B0B2VVYKQ7', 'B0C2J6DRXG', 'B07GFS62W8', 'B0B69SG993', 'B0C2Q8TRZN', 'B0BCM8ST9C', 'B0BXCMM828', 'B08SVS99Q5', 'B07YQFJ2DR', 'B09842ZHNM']",Visit the Sony Store
Sony The Last Of Us : Part 1 | PS5 Game,"3,299.",4.7 out of 5 stars,117 ratings,"Endure and survive. Relive the beloved game that started it all, rebuilt for the PlayStation®5 console","['B0B4289TYT', 'B0B4289TYT', 'B0B4289TYT', 'B0C2J54NN3', 'B0C2J6DRXG', 'B07GFS62W8', 'B082VX16VJ', 'B0B69SG993', 'B0C8DMKHBT', 'B0C8JZ7WJ6', 'B0C2Q8TRZN', 'B07CR3QKQL', 'B0C3QNBH26', 'B0B4289TYT']",Visit the Sony Store
"PS5 Controller Charging Station for Playstation 5 Dualsense Controller with Dual Stand Charger Dock, Upgrade PS5 Controller Charger Accessories Incl. Fast Charging Cable, PS5 Charging Station White","1,839.",4.6 out of 5 stars,4 ratings,,"['B0BZRQ6K59', 'B0BZRQ6K59', 'B0B3J95CCZ', 'B0B69SG993', 'B0C9RXCJ17', 'B0BBB4LQS7', 'B0BXCRWT3S', 'B09NM9DTTC', 'B087Q144MK', 'B087D9KGF2', 'B0BCM8ST9C', 'B08ZJK9NVR', 'B0BZRQ6K59', 'B0B3J95CCZ', 'B07YQFJ2DR', 'B08ZJK9NVR', 'B0C2Q8TRZN', 'B09D8VYLY7', 'B08SVS99Q5', 'B0BTSCHZCS', 'B0C5QVBDGH', 'B09NM9DTTC', 'B0C2J54NN3']",Visit the BONACE Store
yantralay Dual Controller Hard Carry Case Compatible for PS5/PS4/XBOX/i Pega Waterproof Travel Carry Case,"1,149.",4.7 out of 5 stars,42 ratings,"Features:  Storage and Carrying Case: Specially designed for Wireless controllers, protecting them from scratches or falling damage during travel or home storage.  The internal mesh pocket is enough to store small accessories such as charging data cables, thumb clips, earphones, etc.  Sturdy Material: It is different from other products. Our storage box uses high-quality nylon zipper pulls, which are tough, durable and feel good. The controller storage bag is made of PU and EVA. The hard EVA shell protects your controller, while the soft internal material protects your device from scratches, and the hard shell protects the console from falling and accidental damage. Double Handle Storage: It can store 2 Controllers at the same time, the built-in groove is specially designed for the handle to protect your handle from being squeezed, and there is a zipper mesh bag for storing data cables and other accessories. Easy to Carry: Wear a comfortable hand strap, convenient to carry. Metal Zipper: The zipper opening and closing can protect your valuable device, and it is very easy to open and close.  General Specification: Material: EVA Type: Carry Case Color: Grey Compatible For: PS5/PS4/XBOX/iPega Controllers Package Content: 1 x Carry Case.","['B0BJBL1XBS', 'B0BJBL1XBS', 'B0B34NN2W4', 'B005L0Z2BQ', 'B0BZRQ6K59', 'B09ZQS9P5T', 'B0C3QPBKSW', 'B0C3QNBH26', 'B08N6W2JVZ', 'B0C2Q8TRZN', 'B0BDZJ6F2R', 'B09BZPGPT5', 'B0BJBL1XBS', 'B0B34NN2W4', 'B0C2Q8TRZN', 'B0C3QL325N', 'B0BZRQ6K59', 'B08ZJK9NVR', 'B07YQFJ2DR', 'B0C3QKYJJ5', 'B005L0Z2BQ', 'B08N6W2JVZ', 'B0C2VWGMYC', 'B0BJBL1XBS']",Visit the YANTRALAY SCHOOL OF GADGETS Store
"Ant Esports Dock5 RGB with Cooling Fan and Dual Controller Charger Station, PS5 Console Disc & Digital Edition, PS5 Cooling Station Accessories with RGB Light/Headset Holder/6 Game Slots/Screw (White)","1,899.",4.0 out of 5 stars,47 ratings,"Ant Esports Dock5 RGB Cooling and Charging Station for PS5 with Cooling Fan and Dual Controller Charger Station for Playstation 5 PS5 Console Disc & Digital Edition, PS5 Cooling Station PS5 Accessories with RGB Light/Headset Holder/6 Game Slots/Screw (White)","['B0BRZZCRPW', 'B0BRZZCRPW', 'B09NM9DTTC', 'B09B89GCWW', 'B09BB78NW5', 'B09B7TL9W7', 'B0C3QKYXRZ', 'B0BZDMY9RS', 'B0BD4FV81P', 'B0C3QKYJJ5', 'B0C2Q8TRZN', 'B08N6W2JVZ', 'B0BRZZCRPW', 'B082VX16VJ', 'B087D9KGF2', 'B005L0Z2BQ', 'B0C2J54NN3', 'B0C3QNBH26', 'B0C2Q8TRZN', 'B0C2J6DRXG', 'B0BM38HD8S', 'B0B69SG993', 'B0BCM8ST9C', 'B0BRZZCRPW']",Visit the Ant Esports Store
"OIVO PS5 Charging Station, 2H Fast PS5 Controller Charger for Playstation 5 Dualsense Controller, Upgrade PS5 Charging Dock with 2 Types of Cable, PS5 Charger for Dual PS5 Controller - Black","2,299.",4.6 out of 5 stars,"10,049 ratings",,"['B08S3FMVV7', 'B08S3FMVV7', 'B0B3J95CCZ', 'B0BZRQ6K59', 'B0CBN8C6FC', 'B09W5ZNC3W', 'B09C69FKDC', 'B09B89GCWW', 'B09B7TL9W7', 'B09HSGSKZS', 'B0C2VWGMYC', 'B08R68SNGZ', 'B08S3FMVV7', 'B0B3J95CCZ', 'B0BZRQ6K59', 'B07YQFJ2DR', 'B09D8VYLY7', 'B0C2J54NN3', 'B09NM9DTTC', 'B08ZJK9NVR', 'B0C2J6DRXG', 'B082VX16VJ', 'B0C8JZ7WJ6', 'B08S3FMVV7']",Brand: OIVO
GLITCH | PS5 Dust Cover | Covers For Playstation 5 | Accessories for console | Three Layer waterproof Anti scratch Dust Guard sleeve | digital Edition & Disc Edition | Foam protection Protector vertical | Black,499.,4.4 out of 5 stars,248 ratings,,"['B09Z88QGWS', 'B09Z88QGWS', 'B0C2Q8TRZN', 'B0B51TR93F', 'B0C3QKYJJ5', 'B0C3QNBH26', 'B0B69SG993', 'B09NM9DTTC', 'B09H392774', 'B08KQHFR21', 'B085LZSG6F', 'B09C69FKDC', 'B09Z88QGWS', 'B0C2Q8TRZN', 'B0B51TR93F', 'B0C2J54NN3', 'B0C2J6DRXG', 'B082VX16VJ', 'B0B69SG993', 'B07YQFJ2DR', 'B0BSGRGN6J', 'B0C3QL325N', 'B08KQHFR21', 'B09Z88QGWS']",Brand: Glitch
GLITCH | PS5 Dust Cover | Covers for Playstation 5 | Accessories for Console Waterproof Anti Scratch Dust Guard Sleeve | Digital Edition & Disc Edition | Protection Protector Vertical | Black,299.,4.2 out of 5 stars,88 ratings,"Triple Layer: Glitch In-house Designed ps5 Dust cover Is made for gamers like you, It brings overall protection with the Thick Outer Layer To protect from dust and water, The middle layer is made up of Foam for protection and the inner layer is soft to avoid any scratches.","['B0BCP96Q83', 'B0BCP96Q83', 'B0BCGK7H28', 'B09L8C3GXK', 'B09V4VD3R2', 'B0B69SG993', 'B082PKX18C', 'B08N6W2JVZ', 'B08MCD9JFY', 'B0C9RXCJ17', 'B09NM9DTTC', 'B005L0Z2BQ', 'B0B34NN2W4', 'B09L8C3GXK', 'B09V4VD3R2', 'B0B51TR93F', 'B09BB78NW5', 'B09B89GCWW', 'B08Z3J4BWL', 'B0BGSKKV1N', 'B09H392774', 'B0BBB4LQS7', 'B0BCP96Q83', 'B0B34NN2W4', 'B09L8C3GXK', 'B07YQFJ2DR', 'B09V4VD3R2', 'B08ZJK9NVR', 'B09D8VYLY7', 'B0BSGRGN6J', 'B082PKX18C', 'B0C47ZX1WB', 'B0C2Q8TRZN', 'B0BCP96Q83']",Brand: glitch
"New World Upgraded PS5 Controller Charger, Playstation 5 Charging Station with LED Indicator, High Speed, Fast Charging Dock for PS5 DualSense Controller, White","1,399.",4.3 out of 5 stars,176 ratings,,"['B096YK33BD', 'B096YK33BD', 'B09NM9DTTC', 'B09W5ZNC3W', 'B0C7W9HLWQ', 'B09JWTM62V', 'B0C3QL325N', 'B0BDF18FTS', 'B0BDF19XWP', 'B09VVJXF1W', 'B074DD4KF2', 'B08R68SNGZ', 'B096YK33BD', 'B0C2J54NN3', 'B082VX16VJ', 'B07YQFJ2DR', 'B0C2J6DRXG', 'B0C2Q8TRZN', 'B08G1FB9R6', 'B0C3QL325N', 'B08VN3G3KW', 'B08ZJK9NVR', 'B09RVCY2C7', 'B096YK33BD']",Visit the New World Store
"ZORBES® Dust Cover for SONY PS5 Console, Dust Proof Cover Protective Case Anti Scratch Waterproof Case for Sony PlayStation 5 Game Console Cover Sleeve for PS5 Accessories Digital Edition&Disc Edition",809.,3.6 out of 5 stars,32 ratings,,"['B09ZQS9P5T', 'B09ZQS9P5T', 'B09ZQS9P5T', 'B07S7CJWNP', 'B08WWX8BVT', 'B082PKX18C', 'B0C5Z5FYCX', 'B08TVHXR9W', 'B0CG3DQ4KJ', 'B09NWCQ442', 'B07W2XQMGR', 'B00V3A9JYE', 'B0C5VRY9BS']",Brand: ZORBES
"TCOS TECH PS5 Headset Stand, Headphone Stand, PS5 Headphone Hook, PS5 Headset Hanger, Compatible with Universal Gaming Headsets (HEADPHONE NOT INCLUDED)",599.,4.4 out of 5 stars,2 ratings,"TCOS TECH PS5 Headset Stand, Headphone Stand, PS5 Headphone Hook, PS5 Headset Hanger, Compatible with Universal Gaming Headsets (HEADPHONE NOT INCLUDED). Features: 1. This headphone stand holder could fits almost all brands of headphones of all sizes. Suitable for PS5. 2. Just put the hanger on your console and then place your headset. 3. The headsets holder can be moved with your console whenever and wherever. 4. Silicone protective pad prevents the hook from scratching your console. 5. Keep your headsets organized, and save space for your gaming station. Say goodbye to the messy desktop with this headset stand. Packing List: 1*Headphone Hanger (HEADPHONE NOT INCLUDED)","['B09V8H19NM', 'B09V8H19NM', 'B08R68SNGZ', 'B087Q144MK', 'B0C3QKYXRZ', 'B09BZNBP8N', 'B012VIWG28', 'B0BD4D5PLL', 'B07RG4QPJ8', 'B07WMPW27R', 'B08ZJK9NVR', 'B01DNLLTIE', 'B09V8H19NM', 'B07YQFJ2DR', 'B0C3QL325N', 'B0C2J54NN3', 'B08ZJK9NVR', 'B09D8VYLY7', 'B0BJ23JTXX', 'B0C2Q8TRZN', 'B073WBZ6GP', 'B08NTBL1R6', 'B082VX16VJ']",Visit the TCOS TECH Store
DualSense Wireless Controller Red (PlayStation 5),"5,679.",4.4 out of 5 stars,531 ratings,"Discover a deeper, highly immersive gaming experience1 that brings the action to life in the palms of your hands.( Compatible Hardware - PlayStation5 console)","['B098439Y2G', 'B098439Y2G', 'B0BDF18FTS', 'B0BDF19XWP', 'B09TKYNVQN', 'B0BZDMY9RS', 'B074DD4KF2', 'B09B89GCWW', 'B0BSGRB7QB', 'B09BB78NW5', 'B0C2VWGMYC', 'B09W5ZNC3W', 'B098439Y2G', 'B085LZSG6F', 'B0C2J54NN3', 'B0C2J6DRXG', 'B07GFS62W8', 'B082VX16VJ', 'B0BSGRGN6J', 'B0C2Q8TRZN', 'B07YQFJ2DR', 'B09D8VYLY7', 'B0BSGRB7QB', 'B098439Y2G']",Visit the Sony Store
glitch | ps5 Console Carry Bag | Bags for Travel Playstation 5 Carrying case Cover Travelling Handbag Protective Play Station 5 Storage Protection | disc and Digital Edition Accessories (Black),990.,3.4 out of 5 stars,6 ratings,,"['B0C69N3HTD', 'B0C69N3HTD', 'B0C2Q8TRZN', 'B0C3QL325N', 'B0C3QKYJJ5', 'B0BBB4LQS7', 'B09B89GCWW', 'B09BB78NW5', 'B09B7TL9W7', 'B0B69SG993', 'B0BD4FV81P', 'B0BZDMY9RS', 'B0C69N3HTD', 'B0C2Q8TRZN', 'B0C3QL325N', 'B0C2J54NN3', 'B082VX16VJ', 'B0C2J6DRXG', 'B07YQFJ2DR', 'B09D8VYLY7', 'B08ZJK9NVR', 'B07PPNSFBK', 'B082PKX18C']",Brand: glitch
"New World Storage Bag for PS5 , Travel Bag for PS5 , Carrying Case Briefcase Type for PS5,Waterproof Shoulder Bag for Playstation 5 with Both Side Storage Compartment-Black","2,489.",4.4 out of 5 stars,109 ratings,,"['B09PYFP1S9', 'B09PYFP1S9', 'B0C3QNBH26', 'B0C3QLX6ZH', 'B0B69SG993', 'B0C2VVP9QS', 'B09JWTM62V', 'B09B7TL9W7', 'B07NVM4M5S', 'B085LZSG6F', 'B07X8G7ZG5', 'B09C69FKDC', 'B09PYFP1S9', 'B0C3QL325N', 'B0C2Q8TRZN', 'B0C2J6DRXG', 'B0C2J54NN3', 'B09D8VYLY7', 'B0C3QLX6ZH', 'B0B69SG993', 'B07YQFJ2DR', 'B082VX16VJ', 'B07DNN638W', 'B09PYFP1S9']",Visit the New World Store
PS5 Rainbow Six: Extraction - Guardian Edition,"1,217.",4.0 out of 5 stars,3 ratings,"The Guardian Edition of the game includes: THE GAME Copy of the Rainbow Six Extraction game. BUDDY PASS* With the Buddy Pass, invite two friends to play online co-op with you from any platform for two weeks, even if they don’t own the game. DIGITAL CONTENT** The Noxious Touch Pack includes the Noxious Touch uniform and headgear exclusively to Alibi, the universal Noxious Touch and Redeemer weapon skins along with the Jawbreaker and Guardian Angel Charm.","['B097J9VJD7', 'B097J9VJD7', 'B0C2Q8TRZN', 'B09842WZYF', 'B0C9RXCJ17', 'B0B69SG993', 'B09NM9DTTC', 'B09HSGSKZS', 'B0C3QKYXRZ', 'B09C69FKDC', 'B0C2VWGMYC', 'B0BD4D5PLL', 'B097J9VJD7', 'B0C2Q8TRZN', 'B072L7BM6F', 'B076ZQ2C1B', 'B09842WZYF', 'B0C2J54NN3', 'B07YQFJ2DR', 'B0C3QNBH26', 'B09D8VYLY7', 'B08ZJK9NVR', 'B0C3QLX6ZH']",Brand: Ubisoft
Electronic Arts Star Wars Jedi : Survivor | Standard Edition | PlayStation 5,"4,418.",4.2 out of 5 stars,19 ratings,"The story of Cal Kestis continues in Star Wars Jedi: Survivor™, a third person galaxy-spanning action-adventure game from Respawn Entertainment, developed in collaboration with Lucasfilm Games. This narratively-driven, single player title picks up five years after the events of Star Wars Jedi: Fallen Order™ and follows Cal’s increasingly desperate fight as the galaxy descends further into darkness. Pushed to the edges of the galaxy by the Empire, Cal will find himself surrounded by threats new and familiar. o Continue Cal’s Journey – No longer a Padawan, Cal has come into his own and grown into a powerful Jedi Knight. The Dark Times are closing in - with enemies new and familiar surrounding him, Cal will need to decide how far he’s willing to go to save those closest to him. o Go Beyond Your Training – The cinematic combat system returns with additional Force abilities and new lightsaber fighting styles. Creatively leverage all these abilities and weapons to strategically take on an expanded host of enemies, sizing up strengths and weaknesses while cleverly utilizing your training to overcome your opponents and solve the mysteries that lay in your path. o Explore an Untamed Galaxy – Discover new planets and familiar frontiers in the Star Wars galaxy, each with unique biomes, challenges, and enemies. Master new skills, equipment, and abilities that will augment the ways you explore, fight, and roam. With larger areas to explore and more to discover off the beaten path, players who adventure beyond the horizon will find hidden rewards.","['B0BQ2K2ZG2', 'B0BQ2K2ZG2', 'B0BQ2K2ZG2', 'B0BFRMNPGH', 'B0B69SG993', 'B09842WZYF', 'B0C2Q8TRZN', 'B074DD4KF2', 'B0BSGRB7QB', 'B07NVM4M5S', 'B0BZDMY9RS', 'B0BDF19XWP', 'B0BDF18FTS', 'B0BQ2K2ZG2', 'B0C3QL325N', 'B07KRBR6YK', 'B0742DJ7RP', 'B0C2Q8TRZN', 'B0C2J54NN3', 'B07YQFJ2DR', 'B0B69SG993', 'B08ZJK9NVR', 'B0C2J6DRXG', 'B09842WZYF']",Brand: Electronic Arts
PS5 RETURNAL,"1,990.",4.3 out of 5 stars,113 ratings,"After crash-landing on a shape-shifting alien planet, Selene finds herself fighting tooth and nail for survival. Again and again she’s defeated, forced to restart her journey every time she dies.","['B08WK6DCLR', 'B08WK6DCLR', 'B0C2Q8TRZN', 'B0C3QNBH26', 'B0C3QPBKSW', 'B09JWTM62V', 'B09B89GCWW', 'B07X8G7ZG5', 'B09Q396Z7T', 'B098XJF39V', 'B0BD4FV81P', 'B0BD4D5PLL', 'B08WK6DCLR', 'B085LZSG6F', 'B0C2J54NN3', 'B0C2J6DRXG', 'B07CR3QKQL', 'B0B69SG993', 'B0C2Q8TRZN', 'B0BSGRGN6J', 'B09NM9DTTC', 'B08ZJK9NVR', 'B07YQFJ2DR', 'B08WK6DCLR']",Visit the Sony Store
UBI Soft Ps5 Assassin's Creed Valhalla Ragnarok Edition,"2,095.",5.0 out of 5 stars,4 ratings,"In Assassin’s Creed® Valhalla, you are Eivor, a fierce Viking warrior raised on tales of battle and glory. Explore a mysterious and beautiful open world set against the brutal backdrop of England’s Dark Ages. Raid your enemies, grow your settlement, and build your political power in the quest to earn a place among the gods in Valhalla. In addition to the main game, this Ragnarök Edition contains Assassin’s Creed Valhalla: Dawn of Ragnarök, the most ambitious expansion in Assassin’s Creed history. Embrace Eivor’s destiny as Odin as you journey into a breathtaking realm of Norse Myth. Assassin’s Creed® Valhalla: Ragnarök Edition includes: -Assassin’s Creed Valhalla game -A download code for the expansion Dawn of Ragnarök","['B09SZVDDC7', 'B09SZVDDC7', 'B09SZVDDC7', 'B07DNN638W', 'B09NM9DTTC', 'B09HSGSKZS', 'B0C3QLX6ZH', 'B0BD4FV81P', 'B0BD4D5PLL', 'B0C2VWGMYC', 'B098MVB3VL', 'B0BDF19XWP', 'B0BDF18FTS', 'B09SZVDDC7', 'B0C2J6DRXG', 'B0C2J54NN3', 'B085LZSG6F', 'B0BSGRB7QB', 'B0C2Q8TRZN', 'B0BSGRGN6J', 'B0B69SG993', 'B07YQFJ2DR', 'B09NM9DTTC', 'B07DNN638W']",Brand: Ubisoft
PS5 RATCHET & CLANK: RIFT APART,"2,089.",4.5 out of 5 stars,227 ratings,"Go dimension-hopping with Ratchet and Clank as they take on an evil emperor from another reality. Jump between action-packed worlds, and beyond at mind-blowing speeds – complete with dazzling visuals and an insane arsenal – as the intergalactic adventurers blast onto the PS5™ console.","['B08WK5T3HY', 'B08WK5T3HY', 'B0BD4FV81P', 'B0C3QKYJJ5', 'B0C3QKYXRZ', 'B0BD4D5PLL', 'B09HSGSKZS', 'B082VX16VJ', 'B09Q396Z7T', 'B07CR3QKQL', 'B0C2Q8TRZN', 'B09HR8Q16N', 'B08WK5T3HY', 'B0C2J54NN3', 'B0B69SG993', 'B07CR3QKQL', 'B082VX16VJ', 'B0C2J6DRXG', 'B0C2Q8TRZN', 'B08SVS99Q5', 'B0C3QNBH26', 'B0C3QLX6ZH', 'B09NM9DTTC', 'B08WK5T3HY']",Visit the Sony Store
"TCOS TECH PS5 Faceplate Decorative Strip Case Cover for PS5 Controller, PS5 Controller Skins Replacement Shell Color Replacement DIY Decoration Accessories for PS5 Controller Panel - Camo Grey",399.,Previous page,,"TCOS TECH PS5 Faceplate Decorative Strip Case Cover for PS5 Controller, PS5 Controller Skins Replacement Shell Color Replacement DIY Decoration Accessories for PS5 Controller Panel - Camo Grey","['B0BXYXRXRY', 'B0BD4D5PLL', 'B0BD4FV81P', 'B09HSGSKZS', 'B0BDF18FTS', 'B09H392774', 'B0BDF19XWP', 'B0C3QPBKSW', 'B0C2Q8TRZN', 'B0C2VWGMYC', 'B09BZPGPT5', 'B0C2Q8TRZN', 'B0C3QL325N', 'B07YQFJ2DR', 'B09D8VYLY7', 'B08ZJK9NVR', 'B0C2J54NN3', 'B08SVS99Q5', 'B0C2J6DRXG', 'B0C3QLX6ZH', 'B09NM9DTTC']",Visit the TCOS TECH Store
Call Of Duty : Modern Warfare II | Standard Edition | PlayStation 5 (PS5),"4,845.",4.1 out of 5 stars,79 ratings,"Call of Duty: Modern Warfare II drops players into an unprecedented global conflict that features the return of the iconic operators of Task Force 141. Modern Warfare® II will launch with a globe-trotting single-player campaign, immersive multiplayer combat, and an evolved special ops game mode featuring tactical co-op gameplay Welcome to the new era of Call of Duty® Call of Duty®: Modern Warfare® II is the sequel to 2019’s blockbuster Modern Warfare®. Featuring the return of the iconic, team leader Captain John Price, the fearless John """"Soap"""" MacTavish, the seasoned Sergeant Kyle """"Gaz” Garrick, and the lone wolf himself, fan favorite Simon “Ghost” Riley, players will witness what makes Task Force 141 the legendary squad it is today. From small-scale, high-stakes infiltration tactics to highly classified missions, players will need to leverage new weapons, vehicles, and cutting-edge equipment to take on their enemies. Gear up and take the fight offshore as you siege enemies underwater, breach a highly fortified enemy base, infil along the canals, and liberate much-needed allies at a black site hidden within the mountains. Infinity Ward will immerse fans in heart-pounding next-gen, state-of-the-art gameplay. Fight alongside friends in a truly immersive experience with stunningly realistic sound, lighting, and graphics that produce the most advanced Call of Duty in history. Modern Warfare® II will feature a rebuilt, advanced AI system, enhanced rendering and photogrammetry technology, a new Gunsmith system, allowing for more customization than ever before, and a suite of other gameplay and graphical innovations that elevate the franchise to new heights. The future of the franchise is filled with trail blazing innovations and sets the foundation for next-generation gameplay. Modern Warfare II will feature a massive amount of content from day 1 – squad up and fight alongside TF141 in a globe-trotting single-player campaign, play lone-gun or rally with your team in immersive multiplayer combat, complete with new locales and ways to play, and experience an evolved, narrative-driven Special Ops game mode featuring tactical co-op gameplay. Additionally, Modern Warfare II connects with the new Warzone™ experience releasing this year, and with it, the evolution in Battle Royale with a brand-new play space and sandbox mode. Expect a massive calendar of free content post-launch featuring evolving gameplay with new maps, modes, seasonal events, community celebrations and more. Stay Frosty.","['B0BJF4HD6C', 'B0BJF4HD6C', 'B007WPF7FE', 'B0B69SG993', 'B0C9RXCJ17', 'B09C69FKDC', 'B0C2Q8TRZN', 'B0BSGRB7QB', 'B0BZDMY9RS', 'B07GFS62W8', 'B0BZDLXXF3', 'B09JWTM62V', 'B0BJF4HD6C', 'B0C2J54NN3', 'B007WPF7FE', 'B0B69SG993', 'B0C2J6DRXG', 'B0C2Q8TRZN', 'B0C8DMKHBT', 'B01CR05F5K', 'B0C8JZ7WJ6', 'B0C3QL325N', 'B082VX16VJ', 'B0BJF4HD6C']",Brand: ACTIVISION
PS5 Marvel's Avengers,"2,343.",4.2 out of 5 stars,70 ratings,"Marvel Entertainment and Square Enix are excited to unveil Marvel’s Avengers, an epic action-adventure game that combines cinematic storytelling with single-player and co-operative gameplay. Developed by Crystal Dynamics in collaboration with Eidos-Montreal, Nixxes Software, and Crystal Northwest, the game features an original story and delivers the definitive Avengers gaming experience. Assemble into teams of up to four players online, master extraordinary abilities, customize a growing roster of Heroes, and defend the Earth from escalating threats.","['B08VKFG51B', 'B08VKFG51B', 'B08VKFG51B', 'B07FDQL2VR', 'B098K5B73D', 'B09842WZYF', 'B0B69SG993', 'B0C8DMKHBT', 'B0C8JZ7WJ6', 'B082VX16VJ', 'B07MQ6JBZM', 'B0C2J54NN3', 'B0C9RXCJ17', 'B08VKFG51B']",Brand: SQUARE ENIX
"NiTHO Charging Station for PS5 DualSense/PS5 Edge Wireless Controllers, Controller Charger Compatible with Playstation 5 Controllers, Vertical Dual Controller Fast Charging Dock, White","1,899.",4.8 out of 5 stars,8 ratings,Charging station for 2 PS5 DualSense / DualSense Edge controller with USB-C cable.,"['B0B3J95CCZ', 'B0B3J95CCZ', 'B0BZRQ6K59', 'B08R68SNGZ', 'B0996773JZ', 'B0C2VWGMYC', 'B0BZDMY9RS', 'B0BD4D5PLL', 'B09BB78NW5', 'B09JWTM62V', 'B0BD4FV81P', 'B0BL3KKQRF', 'B0B3J95CCZ', 'B0C2J54NN3', 'B0C2J6DRXG', 'B0B2VVYKQ7', 'B082VX16VJ', 'B0B69SG993', 'B09D8VYLY7', 'B08ZJK9NVR', 'B09NM9DTTC', 'B0C2X3Y1KG', 'B07YQFJ2DR']",Brand: Nitho
"New world Dust Cover For PS5, Soft Neat Lining Dust Guard for PS5 Console, Anti Scratch Waterproof Cover Sleeve for Playstation 5 Console Digital Edition & Disc Edition",949.,4.4 out of 5 stars,288 ratings,,"['B09JBJWCJD', 'B09JBJWCJD', 'B0B69SG993', 'B09ZQS9P5T', 'B09H392774', 'B0C3QKYJJ5', 'B09NM9DTTC', 'B0BDF18FTS', 'B0BDF19XWP', 'B082VX16VJ', 'B085LZSG6F', 'B09HSGSKZS', 'B09JBJWCJD', 'B0C2Q8TRZN', 'B0C2J6DRXG', 'B0C2J54NN3', 'B07YQFJ2DR', 'B08ZJK9NVR', 'B0C3QNBH26', 'B082VX16VJ', 'B09D8VYLY7', 'B0C3QPBKSW', 'B09ZQS9P5T', 'B09JBJWCJD']",Visit the New World Store
F1 23 | Standard Edition | PlayStation 5,"4,299.",4.6 out of 5 stars,5 ratings,"Be the last to brake in EA SPORTS F1 23, the official video game of the 2023 FIA Formula One World Championship A new chapter in the thrilling Braking Point story mode delivers high-speed drama and heated rivalries Race wheel-to-wheel at new Las Vegas and Qatar circuits, and earn rewards and upgrades in F1 World New Red Flags add an authentic strategic element, and the 35% Race Distance feature delivers more action and excitement Drive updated 2023 cars with the official F1 lineup of your favorite 20 drivers and 10 teams Create your dream team and race to win in My Team Career Mode, compete in split-screen or in the expanded cross-platform multiplayer, and be more social with new Racenet Leagues Braking Point 2 — A new chapter unfolds in F1 23 Enhanced Authenticity — The new Las Vegas and Qatar circuits, Red Flags, 35% Race Distance and more F1 World — Complete challenges, compete for rewards and get upgrades as you journey through F1 with a new progression system F1 World Starter Pack 5,000 PitCoin virtual currency to spend in-game","['B0C4TJCYW7', 'B0C4TJCYW7', 'B0C2Q8TRZN', 'B0C3QKYXRZ', 'B0C9RXCJ17', 'B09842WZYF', 'B0BSGRB7QB', 'B07NVM4M5S', 'B0BZDMY9RS', 'B082VX16VJ', 'B0C2J4MNYQ', 'B0C2VVP9QS', 'B0C4TJCYW7', 'B072L7BM6F', 'B0C2J54NN3', 'B07MJKZMH7', 'B0C2Q8TRZN', 'B082VX16VJ', 'B0C2J6DRXG', 'B09842WZYF', 'B07YQFJ2DR', 'B08ZJK9NVR', 'B09D8VYLY7']",Brand: Electronic Arts
Take 2 WWE 2K23 | Standard Edition | PlayStation 5,"3,999.",4.5 out of 5 stars,27 ratings,"Expanded features, gorgeous graphics, and the ultimate WWE experience.  Hit the ring with a deep roster of WWE Superstars and Legends including Roman Reigns, “The American Nightmare” Cody Rhodes, Ronda Rousey, Brock Lesnar, “Stone Cold” Steve Austin, and more!","['B0BT1TSSKP', 'B0BT1TSSKP', 'B0C2Q8TRZN', 'B0C9RXCJ17', 'B07W5WZ7Q5', 'B098MVB3VL', 'B0C2VWGMYC', 'B0C3QKYXRZ', 'B0BSGRB7QB', 'B074DD4KF2', 'B0BDF19XWP', 'B0BDF18FTS', 'B0BT1TSSKP', 'B07YQFJ2DR', 'B0C8JZ7WJ6', 'B0C8DMKHBT', 'B0C2J54NN3', 'B0C2X3Y1KG', 'B08ZJK9NVR', 'B0C2Q8TRZN', 'B07W5WZ7Q5', 'B09JWY7LLG', 'B0C2J6DRXG', 'B0BT1TSSKP']",Brand: Take 2
Call of Duty: Vanguard (PS5) - PlayStation 5,"3,199.",4.0 out of 5 stars,31 ratings,"Rise on every front Dogfight over the Pacific, airdrop over France, defend Stalingrad with a sniper’s precision and blast through advancing forces in North Africa. The Call of Duty franchise returns with Call of Duty: Vanguard, developed by Sledgehammer Games, where players will be immersed in visceral WWII combat on an unprecedented global scale. Through a deeply engaging single player Campaign, a select group of soldiers from different countries rise to meet the world's gravest threat. Players will also make their mark across Call of Duty’s signature Multiplayer experience, plus an exciting new Zombies experience developed by Treyarch. Call of Duty Vanguard will also usher in a new and unparalleled Call of Duty: Warzone integration post launch, and feature cross-progression and cross-generation play, in addition to a massive calendar of free post-launch content that adds in new Multiplayer maps, modes, seasonal events, community celebrations and more.","['B09DBG74D8', 'B09DBG74D8', 'B085LZSG6F', 'B0BSGRB7QB', 'B07NVM4M5S', 'B0BSGRGN6J', 'B0C2J5QGKJ', 'B0B69SG993', 'B0C2Q8TRZN', 'B074DD4KF2', 'B09BB78NW5', 'B0C3QKYXRZ', 'B09DBG74D8', 'B0C2J54NN3', 'B0C2J6DRXG', 'B072L7BM6F', 'B01M2W9NSU', 'B085LZSG6F', 'B082VX16VJ', 'B0B69SG993', 'B07YQFJ2DR', 'B0C2Q8TRZN', 'B0C8JZ7WJ6']",Brand: ACTIVISION.
PS5 Tom Clancy’s Rainbow Six Siege – Deluxe Edition,"1,130.",3.6 out of 5 stars,22 ratings,"Tom Clancy's Rainbow Six Siege features an ever-expanding experience with limitless opportunities to perfect your strategy and help lead your team to victory. The game is optimized for Next Gen (up to 4K and up to 120FPS). Dive into explosive 5v5 gameplay, high stakes competition, and thrilling PVP team battles. Tom Clancy's Rainbow Six Siege features an ever-expanding experience with limitless opportunities to perfect your strategy and help lead your team to victory.","['B08WXK1C6M', 'B08WXK1C6M', 'B08WXK1C6M', 'B0C2Q8TRZN', 'B07DNN638W', 'B0BD4FV81P', 'B0BSGRGN6J', 'B09B89GCWW', 'B0C3QKYXRZ', 'B0BD4D5PLL', 'B0C2J5QGKJ', 'B0BSGRB7QB', 'B0C3QKYJJ5', 'B08WXK1C6M', 'B076ZQ2C1B', 'B0C2J54NN3', 'B0C2Q8TRZN', 'B0C2J6DRXG', 'B07YQFJ2DR', 'B0B69SG993', 'B085LZSG6F', 'B09D8VYLY7', 'B0C3QL325N', 'B08ZJK9NVR', 'B08WXK1C6M']",Brand: Ubisoft
PS5 Resident Evil Village,"3,020.",3.8 out of 5 stars,40 ratings,"Experience survival horror like never before in the eighth major installment in the storied Resident Evil franchise - Resident Evil Village. Set a few years after the horrifying events in the critically acclaimed Resident Evil 7 biohazard, the all-new storyline begins with Ethan Winters and his wife Mia living peacefully in a new location, free from their past nightmares. Just as they are building their new life together, tragedy befalls them once again.","['B08WXJGR2D', 'B08WXJGR2D', 'B08WXJGR2D', 'B01CR05F5K', 'B0C2Q8TRZN', 'B09HSGSKZS', 'B08Y78FFR9', 'B0C3QLX6ZH', 'B09B89GCWW', 'B0BD4D5PLL', 'B0C3QNBH26', 'B09C69FKDC', 'B0BD4FV81P', 'B08WXJGR2D', 'B01CR05F5K', 'B0C2J54NN3', 'B0C2J6DRXG', 'B085LZSG6F', 'B0B69SG993', 'B07YQFJ2DR', 'B09NM9DTTC', 'B07XXP51N4', 'B0C2Q8TRZN', 'B09D8VYLY7', 'B08WXJGR2D']",Brand: Capcom
New World Horizontal Dust Cover for PS5 Console Dust Guard with Back Cable Port for Sony Playstation 5 Console Digital & Disk Version,599.,Previous page,,"Why Do You Really Need A Dust Cover for Your PS5 Console? Prevent Dust From Damaging Your Host. If You Dont’t Want The Console To Be Scribbled By Children. Buying a Protective Cover Is a Good Choice. It is especially designed to protect your monitor from dust, dirt, fingerprints, oil and scratches when daily use. It’s hand-made, durable and washable. Dorca Desktop Screen Dust Cover is a better solution when your monitor is being stored, moving or traveling with you for work or vacation.","['B0C8V9T6MW', 'B0BD4FV81P', 'B09ZQS9P5T', 'B0BZDMY9RS', 'B0BD4D5PLL', 'B09NM9DTTC', 'B09W5ZNC3W', 'B09JWTM62V', 'B09C69FKDC', 'B0C3QKYXRZ', 'B0996773JZ', 'B0C2Q8TRZN', 'B07YQFJ2DR', 'B07XCQDFQS', 'B0C2J54NN3', 'B08ZJK9NVR', 'B0C2J6DRXG', 'B07PPNSFBK', 'B082PKX18C', 'B08SVS99Q5', 'B09D8VYLY7']",Visit the New World Store
CD Project Red The Witcher 3: Wild Hunt | Complete Edition | PlayStation 5,"1,899.",4.3 out of 5 stars,11 ratings,"THE MOST AWARDED GAME OF A GENERATION NOW ENHANCED FOR THE NEXT ABOUT THE GAME You are Geralt of Rivia, mercenary monster slayer. Before you stands a war-torn, monster-infested continent you can explore at will. Your current contract? Tracking down Ciri — the Child of Prophecy, a living weapon that can alter the shape of the world. The Complete Edition contains the base game, offering a huge, over 100-hour long, open-world adventure, as well as both of its massive story expansions: Hearts of Stone & Blood and Wine worth an extra 50 hours of gameplay! It also comes with all additional content released for the game, alongside new features and items, including a built-in Photo Mode, swords, armor, and alternate outfits inspired by The Witcher Netflix series — and more!","['B0BS3XVZTK', 'B0BS3XVZTK', 'B07ZJ9ZYH9', 'B0B69SG993', 'B0C2Q8TRZN', 'B09W5ZNC3W', 'B0BZDMY9RS', 'B07NVM4M5S', 'B0BZDMG84C', 'B0BSGRB7QB', 'B0C3QKYXRZ', 'B074DD4KF2', 'B0BS3XVZTK', 'B07ZJ9ZYH9', 'B09842WZYF', 'B0B69SG993', 'B0C2J54NN3', 'B0C2Q8TRZN', 'B0C2J6DRXG', 'B09NM9DTTC', 'B01CR05F5K', 'B0C3QL325N', 'B07YQFJ2DR', 'B0BS3XVZTK']",Brand: CD Project Red
Demon's Souls | PS5 Game (PlayStation 5),"1,921.",4.4 out of 5 stars,186 ratings,"Entirely rebuilt from the ground up, this remake invites you to experience the unsettling story and ruthless combat of Demon’s Souls™.","['B08M4HTT78', 'B08M4HTT78', 'B0C2Q8TRZN', 'B07X8G7ZG5', 'B0BD4FV81P', 'B09C69FKDC', 'B0BD4D5PLL', 'B0C3QL325N', 'B098MVB3VL', 'B0C7W1R6ZH', 'B00SAYCVTQ', 'B07S8PK5VH', 'B08M4HTT78', 'B085LZSG6F', 'B0C2J54NN3', 'B0C2J6DRXG', 'B0B69SG993', 'B07CR3QKQL', 'B07YQFJ2DR', 'B01CR05F5K', 'B0C2Q8TRZN', 'B09D8VYLY7', 'B08ZJK9NVR', 'B08M4HTT78']",Visit the Sony Store
"New world for PS5 Faceplate , Faceplate for PS5 Disc edition , Faceplate for PS5 CD Vesrion , - Black","2,139.",4.2 out of 5 stars,25 ratings,,"['B09PSDMYPT', 'B09PSDMYPT', 'B0C2Q8TRZN', 'B0C3QLX6ZH', 'B07X8G7ZG5', 'B09C69FKDC', 'B0C3QNBH26', 'B09NM9DTTC', 'B09JWTM62V', 'B0B69SG993', 'B09B7TL9W7', 'B095JNZGC4', 'B09PSDMYPT', 'B09NM9DTTC', 'B0C2J54NN3', 'B01M7VFI47', 'B082VX16VJ', 'B0C2Q8TRZN', 'B0C8DMKHBT', 'B0C2J6DRXG', 'B0B69SG993', 'B0C3QL325N', 'B0BSGRGN6J', 'B09PSDMYPT']",Visit the New World Store
"SONY PS5 GHOST OF TSUSHIMA DIRECTOR'S CUT- PS5, Black, 10GHOCU2","2,684.",4.8 out of 5 stars,606 ratings,GHOST OF TSUSHIMA DIRECTOR'S CUT- PS5 We have carefully selected our products that are quality standard of great value.,"['B098WZZNWN', 'B098WZZNWN', 'B085LZSG6F', 'B0B69SG993', 'B0BSGRB7QB', 'B09B89GCWW', 'B07GFS62W8', 'B07BB3PYD8', 'B07DNN638W', 'B08YJMKCNG', 'B0C9RXCJ17', 'B07MV44RHD', 'B098WZZNWN', 'B0C2J6DRXG', 'B0C2J54NN3', 'B085LZSG6F', 'B0BWLTDDP3', 'B0BSGRGN6J', 'B0C5QKLZPX', 'B0BSGRB7QB', 'B0C5LM8C3N', 'B0C2J5QGKJ', 'B00GG59HU2']",Visit the Sony Store
"New World PS5 Wall Mount, 8 in 1 PS5 Wall Mount Kit for PS VR2 PS5 Controller Holder, Headphone Hanger, 14 PS5 Game Holder, Wall Bracket for PS5 (Disc and Digital Edition) & VR2","3,499.",Previous page,,,"['B0C97G6G4F', 'B0C3QL325N', 'B087Q144MK', 'B0BD4FV81P', 'B0BD4D5PLL', 'B0C2Q8TRZN', 'B0C3QLX6ZH', 'B08R68SNGZ', 'B08L4TL2SP', 'B09NM9DTTC', 'B08VNHCVJ2', 'B0C2J54NN3', 'B07YQFJ2DR', 'B0C2Q8TRZN', 'B09RVCY2C7', 'B08ZJK9NVR', 'B0C3QL325N', 'B07PPNSFBK', 'B08SVS99Q5', 'B08VN3G3KW', 'B09D8VYLY7']",Visit the New World Store
New World PS5 Vertical Stand for Playstation 5 with Cooling Fan Cooling Stand Controller Charging Station for PS5 Digital Edition/Ultra HD Console with 14 Game Disc Rack Storage,"1,553.",3.2 out of 5 stars,14 ratings,,"['B08TX5MR8V', 'B08TX5MR8V', 'B09NM9DTTC', 'B0B69SG993', 'B0C2Q8TRZN', 'B082VX16VJ', 'B0C2VWGMYC', 'B09VVGYPKX', 'B09TKYNVQN', 'B074DD4KF2', 'B0C3QLX6ZH', 'B09W5ZNC3W', 'B08TX5MR8V', 'B082VX16VJ', 'B09YVMC1T1', 'B073QW8QBG', 'B0C2J54NN3', 'B0C2Q8TRZN', 'B0B69SG993', 'B0C5W15FYS', 'B0C2J6DRXG', 'B087D9KGF2', 'B07YQFJ2DR', 'B08TX5MR8V']",Visit the New World Store
LEGO 2K Drive | Standard Edition | PlayStation 5,"2,949.",Previous page,,"Welcome to Bricklandia, home of a massive open-world LEGO driving adventure. Race anywhere, play with anyone, build your dream rides, and defeat a cast of wild racing rivals for the coveted Sky Trophy! In LEGO 2K Drive, your awesome transforming vehicle gives you the freedom to speed seamlessly across riveting racetracks, off-road terrain, and open waters. Explore the vast world of Bricklandia, show off your driving skills, and build vehicles brick-by-brick!","['B0C2PH6BDS', 'B0C2PH6BDS', 'B0C2Q8TRZN', 'B0BZDMY9RS', 'B0C3QKYXRZ', 'B09B7TL9W7', 'B0C3QKYJJ5', 'B0B69SG993', 'B09C69FKDC', 'B0BSGRB7QB', 'B0C2VVP9QS', 'B07NVM4M5S', 'B0C2J54NN3', 'B0C2Q8TRZN', 'B098K5B73D', 'B09842WZYF', 'B07YQFJ2DR', 'B0C2J6DRXG', 'B0BFRMNPGH', 'B0B69SG993', 'B076ZQ2C1B', 'B09NM9DTTC']",Brand: 2K GAMES
TCOS TECH PS5 Skin Protective Wrap Cover Vinyl Sticker Decals for Playstation 5 Disk Version Console and Two Dual Sense 5 Sticker Skins PS5 Skin Console and Controller (New Spider Man),899.,Previous page,,TCOS TECH PS5 Skin Protective Wrap Cover Vinyl Sticker Decals for PlayStation 5 Disk Version Console and Two Dual Sense 5 Sticker Skins PS5 Skin Console and Controller (New Spider Man),"['B09S6CH96K', 'B09C6BJK29', 'B09B89GCWW', 'B08N6W2JVZ', 'B07XXP51N4', 'B08ZJK9NVR', 'B0BZDMG84C', 'B09NM9DTTC', 'B0996773JZ', 'B0BBB4LQS7', 'B0BD4D5PLL', 'B07YQFJ2DR', 'B09D8VYLY7', 'B08ZJK9NVR', 'B0C2Q8TRZN', 'B0C2X3Y1KG', 'B0C3QNBH26', 'B09B89GCWW', 'B08SVS99Q5', 'B09C6BJK29', 'B08N6W2JVZ']",Visit the TCOS TECH Store
"New World Charger for PS5 DualSense Wireless Controller, Charging Dock stand Station with Dual Detachable USB C Ports for Playstation 5 PS5 Wireless Controller",599.,3.7 out of 5 stars,35 ratings,,"['B08SQ199C3', 'B08SQ199C3', 'B0BZRQ6K59', 'B0B69SG993', 'B09H392774', 'B0BDF18FTS', 'B0BDF19XWP', 'B0C7W9HLWQ', 'B074DD4KF2', 'B0BXCMM828', 'B09VVGYPKX', 'B07NVM4M5S', 'B08SQ199C3', 'B0BZRQ6K59', 'B0C2J54NN3', 'B082VX16VJ', 'B07YQFJ2DR', 'B0C2J6DRXG', 'B0BG85Q16J', 'B08ZJK9NVR', 'B0C2Q8TRZN', 'B0BCM8ST9C', 'B08L4TL2SP']",Visit the New World Store
Minecraft Legends | Deluxe Edition | PlayStation 5,"3,473.",Previous page,,"Unite the Overworld! The piglins’ Nether corruption is spreading across the Overworld, scorching everything it touches. Are you the hero who will protect this gentle land? Plan your strategy and face the piglins in epic battles – but be warned: they always fight back. Take on piglin bases by day and defend your allies after dusk. Explore lush biomes filled with treasures and perils, meet new friends, and reunite with familiar mobs. With the allays by your side, all that’s left to do is save the world. Raise your banner high with the Deluxe Edition, featuring six additional in-game skins: one hero, four mounts, and an additional mount skin when it becomes available. Features: • Experience an epic legend from the Minecraft universe and the Overworld as you’ve never seen it before. • Form alliances with new friends and familiar mobs, then lead the charge in epic battles against the fierce piglins to defend the Overworld. • Traverse a lush, dynamic world that’s rich in resources and different in each playthrough. • Challenge your friends or team up in intense battles as you defend your village while leading your units to destroy your opponents’ settlements. • Includes the Minecraft Legends base game and the Deluxe Skin pack, featuring 6 additional in-game skins: 1 hero, 4 mounts, and an additional mount skin when it becomes available. o Aspiring to be the best-dressed hero on the battlefield? Fight against the piglin threat in some of the best garments the Overworld has ever seen! Dress your hero and their trusty steed in exquisite attire with the Minecraft Legends Deluxe Skin Pack, including one hero skin, four mount skins, and an additional mount skin when it becomes available. But keep in mind that these skins won’t give you an advantage on the battlefield – aside from a boost in confidence, of course!","['B0BYZNV4PB', 'B08KT1PRHR', 'B08HZB61Q6', 'B0BSGRB7QB', 'B0C2Q8TRZN', 'B0BSGRGN6J', 'B0B69SG993', 'B0C3QKYXRZ', 'B07NVM4M5S', 'B0BZDMY9RS', 'B09B7TL9W7', 'B08HZB61Q6', 'B08KT1PRHR', 'B08FV3CTVN', 'B09842WZYF', 'B0B69SG993', 'B0C3QNBH26', 'B08SVS99Q5', 'B0C2Q8TRZN', 'B0C2J54NN3', 'B0C3QLX6ZH']",Brand: U&I Entertainment
"NITHO PS5 Controller Gaming Kit, Customizing Skin Grip Handle Cover for PlayStation 5 DualsSense Controllers with Anti Slip Thumb Grips - Camo","1,299.",4.4 out of 5 stars,197 ratings,"Set of enhancers for PS5 controller, upgrade you PS5 controller with comfortable camo grip, better aim and anti-slip thumbs.","['B08N6W2JVZ', 'B08N6W2JVZ', 'B0BD4D5PLL', 'B0C3QKYXRZ', 'B0BD4FV81P', 'B0BZDLXXF3', 'B09BZNBP8N', 'B09Q396Z7T', 'B0BZDMY9RS', 'B07MV44RHD', 'B0BZDMG84C', 'B08VJCYLHP', 'B08N6W2JVZ', 'B082VX16VJ', 'B09NM9DTTC', 'B0C2J54NN3', 'B0C3QNBH26', 'B09D8VYLY7', 'B08SVS99Q5', 'B0C3QLX6ZH', 'B09C69FKDC', 'B0C2J6DRXG', 'B09B7TL9W7', 'B08N6W2JVZ']",Brand: Nitho
Sony Ghost of Tsushima | Director's Cut | PS5 Game,"3,290.",4.5 out of 5 stars,203 ratings,"In the late 13th century, the Mongol empire has laid waste to entire nations along their campaign to conquer the East. Tsushima Island is all that stands between mainland Japan and a massive Mongol invasion fleet led by the ruthless and cunning general, Khotun Khan. As the island burns in the wake of the first wave of the Mongol assault, courageous samurai warrior Jin Sakai stands resolute. As one of the last surviving members of his clan, Jin is resolved to do whatever it takes, at any cost, to protect his people and reclaim his home. He must set aside the traditions that have shaped him as a warrior to forge a new path, the path of the Ghost, and wage an unconventional war for the freedom of Tsushima. Ghost of Tsushima DIRECTOR'S CUT includes: - Full game. - Iki Island expansion: New story, mini-games, enemy types and more. - Legends online co-op mode. - Digital mini art book by Dark Horse. - Director's commentary: The creative team sits down with a renowned Japanese historian to look at the world of Ghost of Tsushima and how it compares to the real-life events that inspired it. - One Technique Point. - Charm of Hachiman's Favour. - Hero of Tsushima Skin Set: Golden Mask, Sword Kit, Horse, Saddle.","['B099B95X36', 'B099B95X36', 'B085LZSG6F', 'B0B69SG993', 'B09842WZYF', 'B07DNN638W', 'B07NVM4M5S', 'B0C2Q8TRZN', 'B0BSGRGN6J', 'B0C3QKYXRZ', 'B0C2J5QGKJ', 'B09C69FKDC', 'B099B95X36', 'B098K5B73D', 'B09842WZYF', 'B0C2J6DRXG', 'B0C2J54NN3', 'B0B69SG993', 'B0C9RXCJ17', 'B07VS3D5DP', 'B0C8DMKHBT', 'B07MQ6JBZM', 'B07DNN638W', 'B099B95X36']",Visit the Sony Store
"New world PS5 Controller analog caps , Replacement PS5 Controller Joystick Caps ,PS5 Thumb sticks Cover Thumb Grip Stick Cap",375.,5.0 out of 5 stars,2 ratings,"100% brand new and high quality Features: Specially designed joystick thumb-stick grip cover for PS5 game controllers. Anti-slip surface, providing you a better grip to enhance gaming performance. Fits perfectly and easy access to all buttons, controls and ports without removing the shell. Adds a unique touch to the controller, making it look custom personalized and stylish. Provide your controller all around protection from scratches, dirt and accidential bumps.","['B0B4KJ8K5J', 'B0B4KJ8K5J', 'B0BD4FV81P', 'B09B7TL9W7', 'B0BD4D5PLL', 'B0C2Q8TRZN', 'B087Q144MK', 'B0C3QKYXRZ', 'B0C2X3Y1KG', 'B0C7W1R6ZH', 'B09HSGSKZS', 'B0BG27B7XP', 'B0B4KJ8K5J', 'B0C3QL325N', 'B0C2X3Y1KG', 'B0C2Q8TRZN', 'B07YQFJ2DR', 'B08LNSPW4G', 'B08ZJK9NVR', 'B09D8VYLY7', 'B0C3QLX6ZH', 'B08SVS99Q5', 'B08LNV2NQT']",Visit the New World Store
HD camera - (PlayStation®5),"3,999.",3.9 out of 5 stars,132 ratings,"Featuring dual lenses for 1080p capture and a built-in stand, the HD camera works seamlessly with the PS5™ background removal tools to put you in the spotlight.","['B08FVP7K72', 'B08FVP7K72', 'B085LZSG6F', 'B082VX16VJ', 'B09B89GCWW', 'B07GFS62W8', 'B09C69FKDC', 'B0C2Q8TRZN', 'B09B7TL9W7', 'B0BSGRB7QB', 'B098MVB3VL', 'B0BZDMY9RS', 'B08FVP7K72', 'B085LZSG6F', 'B0C2J6DRXG', 'B0C2J54NN3', 'B07GFS62W8', 'B0BSGRGN6J', 'B0C2Q8TRZN', 'B06XKNZT1P', 'B082VX16VJ', 'B08LFLHXG9', 'B07RL8H55Z', 'B08FVP7K72']",Visit the Sony Store
New World PS5 Controller Silicone Cover Case PS5 Controller Skin Anti Slip Protective Case Sleeve for Sony Playstation 5 DualSense Controller With Thumbgrips free - Special design,449.,4.1 out of 5 stars,139 ratings,"Features: Especially designed for PS5 Controller. Protects your device from scratches, fingerprints and dust while in handheld mode or traveling. Precise cut-out design allows you easily access to all controls and dock connector. Long and convenient for you to use and colorful design will decorate your controller as well. Protective Cover Set only, other accessories demo in the picture are not included! Material: Silicone Package includes: 1 x Protective ps5 Cover Note: Due to the difference between different monitors, the picture may not reflect the actual color of the item. Thank you!","['B08VJHYYTR', 'B08VJHYYTR', 'B09V4VD3R2', 'B08N6W2JVZ', 'B09H392774', 'B0BDF18FTS', 'B0BDF19XWP', 'B0C55RX3D9', 'B09JWTM62V', 'B0B69SG993', 'B0BD4D5PLL', 'B0C2VVP9QS', 'B08VJHYYTR', 'B09V4VD3R2', 'B0C3QL325N', 'B0C2Q8TRZN', 'B0C2J54NN3', 'B09D8VYLY7', 'B082VX16VJ', 'B07YQFJ2DR', 'B08ZJK9NVR', 'B0C2J6DRXG', 'B0C3QLX6ZH', 'B08VJHYYTR']",Visit the New World Store
"New world Replacement Joystick Caps Analog Caps for PS5 Controllers, For PS5 Thumbsticks Cover Thumb Grip Stick Cap",329.,4.2 out of 5 stars,17 ratings,,"['B09LWQX4N3', 'B09LWQX4N3', 'B0C2X3Y1KG', 'B0C55RX3D9', 'B0CBN8C6FC', 'B0BG27B7XP', 'B0B6FYTXY6', 'B0972Q8F9J', 'B0B67TTS3P', 'B09HSGSKZS', 'B0919H8HL1', 'B0B2QVD6WS', 'B09LWQX4N3', 'B0C2J54NN3', 'B0C2Q8TRZN', 'B0C2J6DRXG', 'B0C3QL325N', 'B0C2X3Y1KG', 'B07YQFJ2DR', 'B08LNSPW4G', 'B082VX16VJ', 'B0BSGWNY7P', 'B09D8VYLY7', 'B09LWQX4N3']",Visit the New World Store
"PowerA USB-C Charging Cable for PlayStation 5, PS5, 3m (Officially Licensed)","1,099.",4.7 out of 5 stars,"1,459 ratings","Keep your DualSense controller charged and ready for gaming with the officially licensed PowerA USB Charging Cable for PlayStation 5. This 10ft cable is perfect for charging your controller while your PlayStation 5 console is on standby or even while you play. Made with high-quality connectors, this USB Charging Cable was designed to last.","['B08XXWBHRH', 'B08XXWBHRH', 'B0BLRGBPG2', 'B074DD4KF2', 'B0C2VWGMYC', 'B0C2Q8TRZN', 'B09W5ZNC3W', 'B0C3QKYXRZ', 'B0C7W9HLWQ', 'B0BDF18FTS', 'B07NVM4M5S', 'B07GLNJC25', 'B08XXWBHRH', 'B0C2J54NN3', 'B08F44BR8H', 'B0C2J6DRXG', 'B0BLRGBPG2', 'B095JNZGC4', 'B082VX16VJ', 'B08SVS99Q5', 'B0876MLNY6', 'B08ZJK9NVR', 'B07XQ6TLMZ', 'B08XXWBHRH']",Visit the PowerA Store
Dorca Horizontal Dust Cover For PS5 Console Dust Guard With Back Cable Port For SONY Playstation 5 Console Digital & Disk Version,275.,4.4 out of 5 stars,585 ratings,"Why Do You Really Need A Dust Cover for Your PS5 Console? Prevent Dust From Damaging Your Host. If You Dont’t Want The Console To Be Scribbled By Children. Buying a Protective Cover Is a Good Choice. It is especially designed to protect your monitor from dust, dirt, fingerprints, oil and scratches when daily use. It’s hand-made, durable and washable. Dorca Desktop Screen Dust Cover is a better solution when your monitor is being stored, moving or traveling with you for work or vacation.","['B0BYK3YLWS', 'B0BYK3YLWS', 'B082VX16VJ', 'B08N79HM77', 'B08ZJK9NVR', 'B07YQFJ2DR', 'B08MCD9JFY', 'B0C8DMKHBT', 'B09HR8Q16N', 'B087Q144MK', 'B0C9RXCJ17', 'B099DLKPBR', 'B0C3QKYXRZ', 'B0C2Q8TRZN', 'B0996773JZ', 'B09W5ZNC3W', 'B0C3QLX6ZH', 'B0BC9BX6Z4', 'B08R68SNGZ', 'B0BD4FV81P', 'B09B7TL9W7', 'B09B89GCWW', 'B0BYK3YLWS', 'B07YQFJ2DR', 'B08N79HM77', 'B08ZJK9NVR', 'B0C2J54NN3', 'B09D8VYLY7', 'B0C2J6DRXG', 'B08SVS99Q5', 'B082VX16VJ', 'B08MCD9JFY', 'B09C69FKDC', 'B0BYK3YLWS']",Brand: Dorca
OIVO INDIA Stylish Nylon Grey Hard Carrying Storage Case for PS5 (Playstation 5 Bag) [Video Game],"2,599.",5.0 out of 5 stars,3 ratings,,"['B0C2Q8TRZN', 'B0C2Q8TRZN', 'B09F1WGGZD', 'B0C3QL325N', 'B0C7W1R6ZH', 'B0B69SG993', 'B09B89GCWW', 'B09BB78NW5', 'B09B7TL9W7', 'B09JWTM62V', 'B0C2VWGMYC', 'B07NVM4M5S', 'B0C2Q8TRZN', 'B09L8C3GXK', 'B0C2J54NN3', 'B0C2J6DRXG', 'B082VX16VJ', 'B082PKX18C', 'B0C3QL325N', 'B07YQFJ2DR', 'B0B69SG993', 'B0C8DMKHBT', 'B08ZJK9NVR', 'B0C2Q8TRZN']",Brand: OIVO INDIA
2-Pack 3PIN Potentiometer Sensor for PS5 Controller (Dualsense Stick Drift Fix) Module Replacement for Sony PS5 DualSense,200.,Previous page,,These two brand-new 3Pin trimmer potentiometer sensors are specifically designed for repairing the analog joystick of the PS5 DualSense controller. These replacement parts perfectly match the ones found in the official controller. They are utilized to address and rectify thumbstick drift issues in the DualSense controller,"['B0CFXX1YLL', 'B09JWTM62V', 'B09HSGSKZS', 'B0BD4FV81P', 'B0BD4D5PLL', 'B0C3QLX6ZH', 'B09NM9DTTC', 'B09C69FKDC', 'B0C2Q8TRZN', 'B07NVM4M5S', 'B0CBN8C6FC', 'B09D8VYLY7', 'B0C2J54NN3', 'B08SVS99Q5', 'B0C2J6DRXG', 'B09NM9DTTC', 'B07YQFJ2DR', 'B08ZJK9NVR', 'B0C2Q8TRZN', 'B09HSGSKZS', 'B0C3QNBH26']",Brand: N\A
Sony DualSense Controller Grey Camo | PlayStation 5,"6,399.",4.6 out of 5 stars,31 ratings,"Discover a deeper, highly immersive gaming experience1 that brings the action to life in the palms of your hands.( Compatible Hardware - PlayStation5 console)","['B0BQXZ11B8', 'B0BQXZ11B8', 'B0CBN8C6FC', 'B09BB78NW5', 'B09W5ZNC3W', 'B0BDF18FTS', 'B0C2VWGMYC', 'B08R68SNGZ', 'B0BDF19XWP', 'B09JWTM62V', 'B0C7W9HLWQ', 'B07NVM4M5S', 'B0BQXZ11B8', 'B0C2J54NN3', 'B085LZSG6F', 'B073QW8QBG', 'B0C2J6DRXG', 'B07GFS62W8', 'B082VX16VJ', 'B09D8VYLY7', 'B08SVS99Q5', 'B0C8JZ7WJ6', 'B09TKYNVQN']",Visit the Sony Store
DualSense Edge Wireless Controller (PlayStation 5),"16,499.",4.7 out of 5 stars,49 ratings,"Get an edge in gameplay by creating your own custom controls to fit your playstyle. Built with high performance and personalization in mind, the DualSense Edge wireless controller invites you to craft your own unique gaming experience so you can play your way. NOTE : Please follow user Manual properly as detailed steps and cautions for correct use are clearly mentioned.","['B0BMPLHLZ9', 'B0BMPLHLZ9', 'B0C2Q8TRZN', 'B0BD4D5PLL', 'B0BD4FV81P', 'B08R68SNGZ', 'B0BDF18FTS', 'B0BDF19XWP', 'B0B69SG993', 'B09TKYNVQN', 'B074DD4KF2', 'B0C3QKYXRZ', 'B0BMPLHLZ9', 'B0C2J54NN3', 'B082VX16VJ', 'B0C2J6DRXG', 'B0BSGRGN6J', 'B07GFS62W8', 'B0BSGRB7QB', 'B08626HGFK', 'B0C2Q8TRZN', 'B08SVS99Q5', 'B07YQFJ2DR', 'B0BMPLHLZ9']",Visit the Sony Store
